{
  "image_filename": "20251201_155201_498809.png",
  "tap_x": 203.5,
  "tap_y": 627.0,
  "tap_x_norm": 0.47995283018867924,
  "tap_y_norm": 0.7149372862029647,
  "img_width": 424,
  "img_height": 877,
  "screen_label": ""
}