{
  "image_filename": "20251201_154253_791347.png",
  "tap_x": 207.5,
  "tap_y": 625.0,
  "tap_x_norm": 0.4893867924528302,
  "tap_y_norm": 0.7126567844925884,
  "img_width": 424,
  "img_height": 877,
  "screen_label": "Samsung_14_Start"
}